{
    "$schema": "https://schema.management.azure.com/schemas/2015-01-01/deploymentTemplate.json#",
    "contentVersion": "1.0.0.0",
    "parameters": {
        "databaseAccounts_ourcourse_name": {
            "defaultValue": "ourcourse",
            "type": "String"
        }
    },
    "variables": {},
    "resources": [
        {
            "type": "Microsoft.DocumentDB/databaseAccounts",
            "apiVersion": "2020-06-01-preview",
            "name": "[parameters('databaseAccounts_ourcourse_name')]",
            "location": "West Europe",
            "tags": {
                "defaultExperience": "Gremlin (graph)",
                "hidden-cosmos-mmspecial": "",
                "CosmosAccountType": "Non-Production"
            },
            "kind": "GlobalDocumentDB",
            "identity": {
                "type": "None"
            },
            "properties": {
                "publicNetworkAccess": "Enabled",
                "enableAutomaticFailover": false,
                "enableMultipleWriteLocations": false,
                "isVirtualNetworkFilterEnabled": false,
                "virtualNetworkRules": [],
                "disableKeyBasedMetadataWriteAccess": false,
                "enableFreeTier": false,
                "enableAnalyticalStorage": false,
                "createMode": "Default",
                "databaseAccountOfferType": "Standard",
                "consistencyPolicy": {
                    "defaultConsistencyLevel": "Session",
                    "maxIntervalInSeconds": 5,
                    "maxStalenessPrefix": 100
                },
                "locations": [
                    {
                        "locationName": "West Europe",
                        "provisioningState": "Succeeded",
                        "failoverPriority": 0,
                        "isZoneRedundant": false
                    }
                ],
                "cors": [],
                "capabilities": [
                    {
                        "name": "EnableGremlin"
                    },
                    {
                        "name": "EnableServerless"
                    }
                ],
                "ipRules": [],
                "backupPolicy": {
                    "type": "Periodic",
                    "periodicModeProperties": {
                        "backupIntervalInMinutes": 240,
                        "backupRetentionIntervalInHours": 8
                    }
                }
            }
        },
        {
            "type": "Microsoft.DocumentDB/databaseAccounts/gremlinDatabases",
            "apiVersion": "2020-06-01-preview",
            "name": "[concat(parameters('databaseAccounts_ourcourse_name'), '/Academy')]",
            "dependsOn": [
                "[resourceId('Microsoft.DocumentDB/databaseAccounts', parameters('databaseAccounts_ourcourse_name'))]"
            ],
            "properties": {
                "resource": {
                    "id": "Academy"
                },
                "options": {}
            }
        },
        {
            "type": "Microsoft.DocumentDB/databaseAccounts/notebookWorkspaces",
            "apiVersion": "2020-06-01-preview",
            "name": "[concat(parameters('databaseAccounts_ourcourse_name'), '/default')]",
            "dependsOn": [
                "[resourceId('Microsoft.DocumentDB/databaseAccounts', parameters('databaseAccounts_ourcourse_name'))]"
            ]
        },
        {
            "type": "Microsoft.DocumentDB/databaseAccounts/gremlinDatabases/graphs",
            "apiVersion": "2020-06-01-preview",
            "name": "[concat(parameters('databaseAccounts_ourcourse_name'), '/Academy/Course')]",
            "dependsOn": [
                "[resourceId('Microsoft.DocumentDB/databaseAccounts/gremlinDatabases', parameters('databaseAccounts_ourcourse_name'), 'Academy')]",
                "[resourceId('Microsoft.DocumentDB/databaseAccounts', parameters('databaseAccounts_ourcourse_name'))]"
            ],
            "properties": {
                "resource": {
                    "id": "Course",
                    "indexingPolicy": {
                        "indexingMode": "consistent",
                        "automatic": true,
                        "includedPaths": [
                            {
                                "path": "/*"
                            }
                        ],
                        "excludedPaths": [
                            {
                                "path": "/\"_etag\"/?"
                            }
                        ]
                    },
                    "partitionKey": {
                        "paths": [
                            "/type"
                        ],
                        "kind": "Hash"
                    },
                    "uniqueKeyPolicy": {
                        "uniqueKeys": []
                    },
                    "conflictResolutionPolicy": {
                        "mode": "LastWriterWins",
                        "conflictResolutionPath": "/_ts"
                    }
                },
                "options": {}
            }
        }
    ]
}